{
  "input_count": 300,
  "output_count": 100,
  "team_id": "SignalHunters",
  "score_min": 0.7100902430545293,
  "score_max": 1.10872812310281,
  "score_mean": 0.8933058853204899,
  "elapsed_seconds": 4.655,
  "monotonic_corrections": 0,
  "t1_std": 0.31793563868878977,
  "t2_std": 0.04260269944498823,
  "t3_std": 0.09949874371066199,
  "t4_std": 1.2151771704387617,
  "target_t2_std": 0.07948390967219744,
  "target_t3_std": 0.04769034580331846,
  "target_t4_std": 0.01589678193443949,
  "tier2_rescale_factor": 1.865701251509496,
  "tier3_rescale_factor": 0.47930600955123526,
  "tier4_rescale_factor": 0.013081863551386231,
  "borda_primary_min": 0.0,
  "borda_primary_max": 1.0,
  "borda_primary_mean": 0.49468800202730023,
  "borda_primary_std": 0.31846685984234135,
  "tier2_scaled_min": -0.2425411626962345,
  "tier2_scaled_max": 0.11194207509056975,
  "final_score_min": -0.16894555916680676,
  "final_score_max": 1.10872812310281,
  "final_score_mean": 0.49169816497071794,
  "final_score_std": 0.35014781616964263,
  "avail_tier_a": 0,
  "avail_tier_b": 297,
  "avail_tier_c": 3,
  "borda_w_ce": 0.25,
  "borda_w_q1": 0.35,
  "borda_w_q2": 0.4,
  "borda_amp_exp": 1.4,
  "cascade_tier2_ratio": 0.25,
  "cascade_tier3_ratio": 0.15,
  "cascade_tier4_ratio": 0.05
}