config_id,config_name,TC1_q1,TC2_q1,TC2_q2,TC3_q1,TC4_q1,TC4_q2,TC5_q1,TC5_q2,passed,myra_q1_pool_rank
0,production_single,0.9225445985794067,0.8962659239768982,0.8962340354919434,0.8950974941253662,0.9220080375671387,0.8862302303314209,0.8999049663543701,0.8896247148513794,False,
1,q1_equal,0.8958322405815125,0.8749953508377075,0.8962340354919434,0.880132257938385,0.8833010196685791,0.8862302303314209,0.8537022471427917,0.8896247148513794,False,
2,q1_outcome_35,0.8968667387962341,0.8758982419967651,0.8962340354919434,0.8811014294624329,0.884337842464447,0.8862302303314209,0.8522751331329346,0.8896247148513794,False,
3,q2_equal,0.9225445985794067,0.8962659239768982,0.8756962418556213,0.8950974941253662,0.9220080375671387,0.8683629035949707,0.8999049663543701,0.8697417378425598,False,
4,both_centroid_equal,0.8958322405815125,0.8749953508377075,0.8756962418556213,0.880132257938385,0.8833010196685791,0.8683629035949707,0.8537022471427917,0.8697417378425598,False,
5,outcome_product,0.8966705799102783,0.8729605674743652,0.8795334696769714,0.8797208070755005,0.8864148855209351,0.8664963245391846,0.8525007963180542,0.8731066584587097,False,
