case_id,case_name,q1_score,q2_score
TC1,Ideal Keyword-Rich Candidate,0.8972081542015076,0.8804973363876343
TC2,Myra Outcome Language,0.8814601898193359,0.8783482313156128
TC3,Strong Candidate Mixed Language,0.8836050033569336,0.8927812576293945
TC4,Good Skills Wrong Career Shape,0.8801488876342773,0.8668502569198608
TC5,Keyword Stuffer Hollow Experience,0.8505334854125977,0.872016429901123
